provider,model,ground_truth_files,error_rate_on_gt_files,nonverbal_precision,nonverbal_recall,nonverbal_f1,nonverbal_exact_match_rate,nonverbal_overlap_rate,nonverbal_predicted_coverage,nonverbal_tp,nonverbal_fp,nonverbal_fn,background_precision,background_recall,background_f1,background_exact_match_rate,background_overlap_rate,background_predicted_coverage,background_tp,background_fp,background_fn,combined_precision,combined_recall,combined_f1,combined_exact_match_rate,combined_overlap_rate,combined_predicted_coverage,combined_tp,combined_fp,combined_fn
elevenlabs,scribe_v2,9,0.0,1.0,0.14285714285714285,0.25,0.5555555555555556,0.1111111111111111,0.1111111111111111,1,0,6,0.25,0.16666666666666666,0.2,0.1111111111111111,0.2222222222222222,0.8888888888888888,2,6,10,0.5555555555555556,0.2631578947368421,0.35714285714285715,0.1111111111111111,0.5555555555555556,1.0,5,4,14
gemini,gemini-3.1-pro-preview,9,0.1111111111111111,0.0,0.0,0.0,0.4444444444444444,0.0,0.0,0,0,7,0.5,0.16666666666666666,0.25,0.2222222222222222,0.2222222222222222,0.2222222222222222,2,2,10,0.5,0.10526315789473684,0.17391304347826086,0.1111111111111111,0.2222222222222222,0.2222222222222222,2,2,17
gemini,gemini-3.5-flash,9,0.1111111111111111,0.0,0.0,0.0,0.4444444444444444,0.0,0.0,0,0,7,1.0,0.08333333333333333,0.15384615384615385,0.1111111111111111,0.1111111111111111,0.1111111111111111,1,0,11,1.0,0.05263157894736842,0.1,0.0,0.1111111111111111,0.1111111111111111,1,0,18
openai,gpt-4o-mini-transcribe,9,1.0,0.0,0.0,0.0,0.4444444444444444,0.0,0.0,0,0,7,0.0,0.0,0.0,0.1111111111111111,0.0,0.0,0,0,12,0.0,0.0,0.0,0.0,0.0,0.0,0,0,19
